{
  "projectpath-1" : {
    "transaction" : "projectpath-1",
    "sampleCount" : 100,
    "errorCount" : 0,
    "errorPct" : 0.0,
    "meanResTime" : 517.2199999999997,
    "medianResTime" : 280.0,
    "minResTime" : 268.0,
    "maxResTime" : 2117.0,
    "pct1ResTime" : 1454.3000000000038,
    "pct2ResTime" : 2019.8999999999992,
    "pct3ResTime" : 2116.7,
    "throughput" : 4.428109639994686,
    "receivedKBytesPerSec" : 76.98856717442324,
    "sentKBytesPerSec" : 0.5621623566399504
  },
  "projectpath-0" : {
    "transaction" : "projectpath-0",
    "sampleCount" : 100,
    "errorCount" : 0,
    "errorPct" : 0.0,
    "meanResTime" : 305.06,
    "medianResTime" : 275.0,
    "minResTime" : 267.0,
    "maxResTime" : 618.0,
    "pct1ResTime" : 515.2000000000013,
    "pct2ResTime" : 556.95,
    "pct3ResTime" : 618.0,
    "throughput" : 4.409948844593402,
    "receivedKBytesPerSec" : 1.9724185261950964,
    "sentKBytesPerSec" : 0.5598567869112718
  },
  "service-0" : {
    "transaction" : "service-0",
    "sampleCount" : 100,
    "errorCount" : 0,
    "errorPct" : 0.0,
    "meanResTime" : 274.61,
    "medianResTime" : 274.0,
    "minResTime" : 267.0,
    "maxResTime" : 297.0,
    "pct1ResTime" : 279.0,
    "pct2ResTime" : 281.0,
    "pct3ResTime" : 296.88999999999993,
    "throughput" : 4.81139337952271,
    "receivedKBytesPerSec" : 2.151970867013087,
    "sentKBytesPerSec" : 0.610821425134719
  },
  "service-1" : {
    "transaction" : "service-1",
    "sampleCount" : 100,
    "errorCount" : 0,
    "errorPct" : 0.0,
    "meanResTime" : 337.81000000000006,
    "medianResTime" : 277.0,
    "minResTime" : 267.0,
    "maxResTime" : 1098.0,
    "pct1ResTime" : 534.8,
    "pct2ResTime" : 557.55,
    "pct3ResTime" : 1094.9099999999985,
    "throughput" : 4.694615276278109,
    "receivedKBytesPerSec" : 66.21057990235201,
    "sentKBytesPerSec" : 0.5959960799962444
  },
  "service" : {
    "transaction" : "service",
    "sampleCount" : 100,
    "errorCount" : 0,
    "errorPct" : 0.0,
    "meanResTime" : 612.7499999999999,
    "medianResTime" : 553.0,
    "minResTime" : 538.0,
    "maxResTime" : 1373.0,
    "pct1ResTime" : 807.9,
    "pct2ResTime" : 830.4999999999999,
    "pct3ResTime" : 1369.9099999999985,
    "throughput" : 4.6358536924574665,
    "receivedKBytesPerSec" : 67.45529298595336,
    "sentKBytesPerSec" : 1.1770722266005285
  },
  "Total" : {
    "transaction" : "Total",
    "sampleCount" : 899,
    "errorCount" : 0,
    "errorPct" : 0.0,
    "meanResTime" : 442.3670745272525,
    "medianResTime" : 280.0,
    "minResTime" : 267.0,
    "maxResTime" : 2739.0,
    "pct1ResTime" : 573.0,
    "pct2ResTime" : 817.0,
    "pct3ResTime" : 2117.0,
    "throughput" : 35.65762335395843,
    "receivedKBytesPerSec" : 325.84755492176345,
    "sentKBytesPerSec" : 6.01694505592575
  },
  "contact" : {
    "transaction" : "contact",
    "sampleCount" : 100,
    "errorCount" : 0,
    "errorPct" : 0.0,
    "meanResTime" : 566.3100000000001,
    "medianResTime" : 550.0,
    "minResTime" : 538.0,
    "maxResTime" : 946.0,
    "pct1ResTime" : 570.8,
    "pct2ResTime" : 791.4999999999978,
    "pct3ResTime" : 944.8799999999994,
    "throughput" : 4.552697473252903,
    "receivedKBytesPerSec" : 39.97837468700205,
    "sentKBytesPerSec" : 1.1470663555656726
  },
  "projectpath" : {
    "transaction" : "projectpath",
    "sampleCount" : 99,
    "errorCount" : 0,
    "errorPct" : 0.0,
    "meanResTime" : 805.050505050505,
    "medianResTime" : 555.0,
    "minResTime" : 542.0,
    "maxResTime" : 2739.0,
    "pct1ResTime" : 1117.0,
    "pct2ResTime" : 2493.0,
    "pct3ResTime" : 2739.0,
    "throughput" : 4.266505774866403,
    "receivedKBytesPerSec" : 76.08614590964919,
    "sentKBytesPerSec" : 1.0832924818996725
  },
  "contact-1" : {
    "transaction" : "contact-1",
    "sampleCount" : 100,
    "errorCount" : 0,
    "errorPct" : 0.0,
    "meanResTime" : 290.12999999999994,
    "medianResTime" : 274.0,
    "minResTime" : 267.0,
    "maxResTime" : 668.0,
    "pct1ResTime" : 288.9,
    "pct2ResTime" : 514.3499999999976,
    "pct3ResTime" : 666.8699999999994,
    "throughput" : 4.610844706750276,
    "receivedKBytesPerSec" : 38.43571329767614,
    "sentKBytesPerSec" : 0.5808583663777205
  },
  "contact-0" : {
    "transaction" : "contact-0",
    "sampleCount" : 100,
    "errorCount" : 0,
    "errorPct" : 0.0,
    "meanResTime" : 275.9899999999999,
    "medianResTime" : 275.0,
    "minResTime" : 267.0,
    "maxResTime" : 299.0,
    "pct1ResTime" : 284.0,
    "pct2ResTime" : 287.95,
    "pct3ResTime" : 298.98,
    "throughput" : 4.695497018359394,
    "receivedKBytesPerSec" : 2.090963515988167,
    "sentKBytesPerSec" : 0.5915225736019157
  }
}